name,price,url,category,store,group_name,group_id
Bose QuietComfort Noise Cancelling Headphones (Black),299.0,https://www.jbhifi.com.au/products/bose-quietcomfort-noise-cancelling-headphones-black,headphones-speakers-audio,jbhifi,Bose QuietComfort Noise Cancelling Headphones,bose-quietcomfort-noise-cancelling-headphones
Sony WH-1000XM6 Premium Noise Cancelling Over-Ear Headphones (Black),529.0,https://www.jbhifi.com.au/products/sony-wh-1000xm6-premium-noise-cancelling-over-ear-headphones-black,headphones-speakers-audio,jbhifi,Sony WH-1000XM6 Premium Noise Cancelling Over-Ear Headphones,sony-wh-1000xm6-premium-noise-cancelling-over-ear-headphones
Samsung Galaxy Buds4 Pro (Black),339.0,https://www.jbhifi.com.au/products/samsung-galaxy-buds4-pro-black,headphones-speakers-audio,jbhifi,Samsung Galaxy Buds4 Pro,samsung-galaxy-buds4-pro
LG Home Theatre S80TR 5.1.3Ch Sound Bar with Rear Speakers,699.0,https://www.jbhifi.com.au/products/lg-home-theatre-s80tr-5-1-3ch-sound-bar-with-rear-speakers,headphones-speakers-audio,jbhifi,LG Home Theatre S80TR 5.1.3Ch Sound Bar with Rear Speakers,lg-home-theatre-s80tr-5-1-3ch-sound-bar-with-rear-speakers
Oakley | Meta Vanguard AI Glasses (White/Prizm Sapphire),789.0,https://www.jbhifi.com.au/products/oakley-meta-vanguard-ai-glasses-white-prizm-sapphire,headphones-speakers-audio,jbhifi,Oakley | Meta Vanguard AI Glasses,oakley-meta-vanguard-ai-glasses
Oakley | Meta HSTN AI Glasses (Clear/Clear to Grey Transitions),719.0,https://www.jbhifi.com.au/products/oakley-meta-hstn-ai-glasses-clear-clear-to-grey-transitions,headphones-speakers-audio,jbhifi,Oakley | Meta HSTN AI Glasses,oakley-meta-hstn-ai-glasses
Oakley | Meta Vanguard AI Glasses (Black/Prizm Road),789.0,https://www.jbhifi.com.au/products/oakley-meta-vanguard-ai-glasses-black-prizm-road,headphones-speakers-audio,jbhifi,Oakley | Meta Vanguard AI Glasses,oakley-meta-vanguard-ai-glasses
Oakley | Meta Vanguard AI Glasses (Black/Prizm 24K),789.0,https://www.jbhifi.com.au/products/oakley-meta-vanguard-ai-glasses-black-prizm-24k,headphones-speakers-audio,jbhifi,Oakley | Meta Vanguard AI Glasses,oakley-meta-vanguard-ai-glasses
Apple AirPods Pro 3,330.0,https://www.jbhifi.com.au/products/apple-airpods-pro-3,headphones-speakers-audio,jbhifi,Apple AirPods Pro 3,apple-airpods-pro-3
Apple AirPods 4 with Active Noise Cancellation,268.0,https://www.jbhifi.com.au/products/apple-airpods-4-with-active-noise-cancellation,headphones-speakers-audio,jbhifi,Apple AirPods 4 with Active Noise Cancellation,apple-airpods-4-with-active-noise-cancellation
Apple AirPods 4,150.0,https://www.jbhifi.com.au/products/apple-airpods-4,headphones-speakers-audio,jbhifi,Apple AirPods 4,apple-airpods-4
"Skylight 15"" Smart Family Calendar (White)",529.0,https://www.jbhifi.com.au/products/skylight-15-smart-family-calendar-white,headphones-speakers-audio,jbhifi,"Skylight 15"" Smart Family Calendar",skylight-15-smart-family-calendar
Oakley | Meta HSTN AI Glasses (Black/Clear to Amethyst Transitions),719.0,https://www.jbhifi.com.au/products/oakley-meta-hstn-ai-glasses-black-clear-to-amethyst-transitions,headphones-speakers-audio,jbhifi,Oakley | Meta HSTN AI Glasses,oakley-meta-hstn-ai-glasses
Oakley | Meta Vanguard AI Glasses (White/Prizm Black),789.0,https://www.jbhifi.com.au/products/oakley-meta-vanguard-ai-glasses-white-prizm-black,headphones-speakers-audio,jbhifi,Oakley | Meta Vanguard AI Glasses,oakley-meta-vanguard-ai-glasses
Oakley | Meta Vanguard AI Glasses (Black Prizm Black),789.0,https://www.jbhifi.com.au/products/oakley-meta-vanguard-ai-glasses-black-prizm-black,headphones-speakers-audio,jbhifi,Oakley | Meta Vanguard AI Glasses,oakley-meta-vanguard-ai-glasses
Bose QuietComfort Ultra Noise Cancelling Headphones (Black),499.0,https://www.jbhifi.com.au/products/bose-quietcomfort-ultra-noise-cancelling-headphones-black,headphones-speakers-audio,jbhifi,Bose QuietComfort Ultra Noise Cancelling Headphones,bose-quietcomfort-ultra-noise-cancelling-headphones
Bose QuietComfort Ultra Noise Cancelling Headphones Gen 2 (Black),509.0,https://www.jbhifi.com.au/products/bose-quietcomfort-ultra-noise-cancelling-headphones-gen-2-black,headphones-speakers-audio,jbhifi,Bose QuietComfort Ultra Noise Cancelling Headphones Gen 2,bose-quietcomfort-ultra-noise-cancelling-headphones-gen-2
Bose QuietComfort Ultra Earbuds 2nd Gen (Black),349.0,https://www.jbhifi.com.au/products/bose-quietcomfort-ultra-earbuds-2nd-gen-black,headphones-speakers-audio,jbhifi,Bose QuietComfort Ultra Earbuds 2nd Gen,bose-quietcomfort-ultra-earbuds-2nd-gen
Samsung Galaxy Buds3 Pro (Silver),199.0,https://www.jbhifi.com.au/products/samsung-galaxy-buds3-pro-silver,headphones-speakers-audio,jbhifi,Samsung Galaxy Buds3 Pro,samsung-galaxy-buds3-pro
Sennheiser Momentum Wireless 4 (Denim) Over-Ear ANC Headphones,299.0,https://www.jbhifi.com.au/products/sennheiser-momentum-wireless-4-denim-over-ear-anc-headphones,headphones-speakers-audio,jbhifi,Sennheiser Momentum Wireless 4 Over-Ear ANC Headphones,sennheiser-momentum-wireless-4-over-ear-anc-headphones
Sony WH-CH720 Wireless Noise Cancelling Over-Ear Headphones (Black),149.0,https://www.jbhifi.com.au/products/sony-wh-ch720-wireless-noise-cancelling-over-ear-headphones-black,headphones-speakers-audio,jbhifi,Sony WH-CH720 Wireless Noise Cancelling Over-Ear Headphones,sony-wh-ch720-wireless-noise-cancelling-over-ear-headphones
Sony WH-1000XM5 Premium Noise Cancelling Wireless Over-Ear Headphones (Black),419.0,https://www.jbhifi.com.au/products/sony-wh-1000xm5-premium-noise-cancelling-wireless-over-ear-headphones-black,headphones-speakers-audio,jbhifi,Sony WH-1000XM5 Premium Noise Cancelling Wireless Over-Ear Headphones,sony-wh-1000xm5-premium-noise-cancelling-wireless-over-ear-headphones
JBL PartyBox Club 120 Portable Party Speaker (Black),399.0,https://www.jbhifi.com.au/products/jbl-partybox-club-120-portable-party-speaker-black,headphones-speakers-audio,jbhifi,JBL PartyBox Club 120 Portable Party Speaker,jbl-partybox-club-120-portable-party-speaker
Sony 1000X THE COLLEXION Wireless Noise Cancelling Headphones (Platinum),899.0,https://www.jbhifi.com.au/products/sony-1000x-the-collexion-wireless-noise-cancelling-headphones-platinum,headphones-speakers-audio,jbhifi,Sony 1000X THE COLLEXION Wireless Noise Cancelling Headphones,sony-1000x-the-collexion-wireless-noise-cancelling-headphones
Sony 1000X THE COLLEXION Wireless Noise Cancelling Headphones (Black),899.0,https://www.jbhifi.com.au/products/sony-1000x-the-collexion-wireless-noise-cancelling-headphones-black,headphones-speakers-audio,jbhifi,Sony 1000X THE COLLEXION Wireless Noise Cancelling Headphones,sony-1000x-the-collexion-wireless-noise-cancelling-headphones
Apple AirPods Max 2 (Midnight),999.0,https://www.jbhifi.com.au/products/apple-airpods-max-2-midnight,headphones-speakers-audio,jbhifi,Apple AirPods Max 2,apple-airpods-max-2
JBL Charge 6 Portable Bluetooth Speaker (Black),185.0,https://www.jbhifi.com.au/products/jbl-charge-6-portable-bluetooth-speaker-black,headphones-speakers-audio,jbhifi,JBL Charge 6 Portable Bluetooth Speaker,jbl-charge-6-portable-bluetooth-speaker
Sony WH-CH720 Wireless Noise Cancelling Over-Ear Headphones (Pink),149.0,https://www.jbhifi.com.au/products/sony-wh-ch720-wireless-noise-cancelling-over-ear-headphones-pink,headphones-speakers-audio,jbhifi,Sony WH-CH720 Wireless Noise Cancelling Over-Ear Headphones,sony-wh-ch720-wireless-noise-cancelling-over-ear-headphones
Sonos Arc Ultra Soundbar (Black),1399.0,https://www.jbhifi.com.au/products/sonos-arc-ultra-soundbar-black,headphones-speakers-audio,jbhifi,Sonos Arc Ultra Soundbar,sonos-arc-ultra-soundbar
Bose QuietComfort Earbuds (Black),199.0,https://www.jbhifi.com.au/products/bose-quietcomfort-earbuds-black,headphones-speakers-audio,jbhifi,Bose QuietComfort Earbuds,bose-quietcomfort-earbuds
Shokz Openrun Pro 2 Wireless Open-Ear Headphones,239.0,https://www.jbhifi.com.au/products/shokz-openrun-pro-2-black,headphones-speakers-audio,jbhifi,Shokz Openrun Pro 2 Wireless Open-Ear Headphones,shokz-openrun-pro-2-wireless-open-ear-headphones
JBL Cinema SB510 3.1 Channel Soundbar with Built-in Subwoofer,140.0,https://www.jbhifi.com.au/products/jbl-cinema-sb510-3-1-channel-soundbar-with-built-in-subwoofer,headphones-speakers-audio,jbhifi,JBL Cinema SB510 3.1 Channel Soundbar with Built-in Subwoofer,jbl-cinema-sb510-3-1-channel-soundbar-with-built-in-subwoofer
JBL Flip 6 Portable Bluetooth Speaker,169.0,https://www.jbhifi.com.au/products/jbl-flip-6-portable-bluetooth-speaker-black,headphones-speakers-audio,jbhifi,JBL Flip 6 Portable Bluetooth Speaker,jbl-flip-6-portable-bluetooth-speaker
Sony WF-1000X M6 Truly Wireless Noise Cancelling Earbuds (Black),499.0,https://www.jbhifi.com.au/products/sony-wf-1000x-m6-truly-wireless-noise-cancelling-earbuds-black,headphones-speakers-audio,jbhifi,Sony WF-1000X M6 Truly Wireless Noise Cancelling Earbuds,sony-wf-1000x-m6-truly-wireless-noise-cancelling-earbuds
JBL PartyBox Encore Essential 2 Portable Party Speaker,349.0,https://www.jbhifi.com.au/products/jbl-partybox-encore-essential-2-portable-party-speaker,headphones-speakers-audio,jbhifi,JBL PartyBox Encore Essential 2 Portable Party Speaker,jbl-partybox-encore-essential-2-portable-party-speaker
Bose QuietComfort Ultra Noise Cancelling Headphones Gen 2 (Driftwood Sand),509.0,https://www.jbhifi.com.au/products/bose-quietcomfort-ultra-noise-cancelling-headphones-gen-2-driftwood-sand,headphones-speakers-audio,jbhifi,Bose QuietComfort Ultra Noise Cancelling Headphones Gen 2,bose-quietcomfort-ultra-noise-cancelling-headphones-gen-2
JBL Flip 7 Portable Waterproof Bluetooth Speaker (Black),146.0,https://www.jbhifi.com.au/products/jbl-flip-7-portable-waterproof-bluetooth-speaker-black,headphones-speakers-audio,jbhifi,JBL Flip 7 Portable Waterproof Bluetooth Speaker,jbl-flip-7-portable-waterproof-bluetooth-speaker
PS5 PlayStation 5 FlexStrike Wireless Fight Stick,299.0,https://www.jbhifi.com.au/products/ps5-playstation-5-flexstrike-wireless-fight-stick,gaming-accessories,jbhifi,PS5 PlayStation 5 FlexStrike Wireless Fight Stick,ps5-playstation-5-flexstrike-wireless-fight-stick
Nintendo Switch 2 Joy-Con 2 Pair - Light (Blue/Yellow),139.0,https://www.jbhifi.com.au/products/nintendo-switch-2-joy-con-2-pair-light-blue-yellow,gaming-accessories,jbhifi,Nintendo Switch 2 Joy-Con 2 Pair,nintendo-switch-2-joy-con-2-pair
Logitech G G305 X SUPERLIGHT Gaming Mouse (Black),149.0,https://www.jbhifi.com.au/products/logitech-g-g305-x-superlight-gaming-mouse-black,gaming-accessories,jbhifi,Logitech G G305 X SUPERLIGHT Gaming Mouse,logitech-g-g305-x-superlight-gaming-mouse
Logitech G G316 X 98 Gaming Keyboard (Black),199.0,https://www.jbhifi.com.au/products/logitech-g-g316-x-98-gaming-keyboard-black,gaming-accessories,jbhifi,Logitech G G316 X 98 Gaming Keyboard,logitech-g-g316-x-98-gaming-keyboard
Nintendo Switch 2 Game Traveler Deluxe Travel Case,24.0,https://www.jbhifi.com.au/products/nintendo-switch-2-game-traveler-deluxe-travel-case,gaming-accessories,jbhifi,Nintendo Switch 2 Game Traveler Deluxe Travel Case,nintendo-switch-2-game-traveler-deluxe-travel-case
Nintendo Switch 2 Carrying Case & Screen Protector,39.0,https://www.jbhifi.com.au/products/nintendo-switch-2-carrying-case-screen-protector,gaming-accessories,jbhifi,Nintendo Switch 2 Carrying Case & Screen Protector,nintendo-switch-2-carrying-case-screen-protector
Nintendo Switch 2 Joy-Con 2 Pair - Light (Purple/Green),139.0,https://www.jbhifi.com.au/products/nintendo-switch-2-joy-con-2-pair-light-purple-green,gaming-accessories,jbhifi,Nintendo Switch 2 Joy-Con 2 Pair,nintendo-switch-2-joy-con-2-pair
PS5 PlayStation 5 DualSense Wireless Controller Midnight Black,119.0,https://www.jbhifi.com.au/products/ps5-playstation-5-dualsense-wireless-controller-midnight-black-1,gaming-accessories,jbhifi,PS5 PlayStation 5 DualSense Wireless Controller,ps5-playstation-5-dualsense-wireless-controller
Nintendo Switch 2 MicroSD Express 256GB Memory Card,79.0,https://www.jbhifi.com.au/products/nintendo-switch-2-microsd-express-256gb-memory-card,gaming-accessories,jbhifi,Nintendo Switch 2 MicroSD Express Memory Card,nintendo-switch-2-microsd-express-memory-card
PS5 PlayStation 5 DualSense Edge Wireless Controller,329.0,https://www.jbhifi.com.au/products/ps5-playstation-5-dualsense-edge-wireless-controller-1,gaming-accessories,jbhifi,PS5 PlayStation 5 DualSense Edge Wireless Controller,ps5-playstation-5-dualsense-edge-wireless-controller
Nintendo Switch 2 Game Traveler® Deluxe Full System Carry Case,41.0,https://www.jbhifi.com.au/products/nintendo-switch-2-game-traveler-deluxe-full-system-carry-case,gaming-accessories,jbhifi,Nintendo Switch 2 Game Traveler Deluxe Full System Carry Case,nintendo-switch-2-game-traveler-deluxe-full-system-carry-case
PS5 PlayStation 5 DualSense Charging Station,49.0,https://www.jbhifi.com.au/products/ps5-playstation-5-dualsense-charging-station,gaming-accessories,jbhifi,PS5 PlayStation 5 DualSense Charging Station,ps5-playstation-5-dualsense-charging-station
Xbox Wireless Controller for Xbox & PC - Forza Horizon 6 Limited Edition,129.0,https://www.jbhifi.com.au/products/xbox-wireless-controller-for-xbox-pc-forza-horizon-6-limited-edition,gaming-accessories,jbhifi,Xbox Wireless Controller for Xbox & PC,xbox-wireless-controller-for-xbox-pc
PS5 PlayStation 5 DualSense Wireless Controller,119.0,https://www.jbhifi.com.au/products/ps5-playstation-5-dualsense-wireless-controller-2,gaming-accessories,jbhifi,PS5 PlayStation 5 DualSense Wireless Controller,ps5-playstation-5-dualsense-wireless-controller
Xbox Rechargeable Battery + USB-C Cable,29.0,https://www.jbhifi.com.au/products/xbox-rechargeable-battery-usb-c-cable,gaming-accessories,jbhifi,Xbox Rechargeable Battery + USB-C Cable,xbox-rechargeable-battery-usb-c-cable
Xbox Wireless Controller Carbon for Xbox & PC - Black,99.0,https://www.jbhifi.com.au/products/xbox-wireless-controller-carbon-for-xbox-pc-black,gaming-accessories,jbhifi,Xbox Wireless Controller for Xbox & PC,xbox-wireless-controller-for-xbox-pc
Nintendo Switch 2 Pro Controller,119.0,https://www.jbhifi.com.au/products/nintendo-switch-2-pro-controller,gaming-accessories,jbhifi,Nintendo Switch 2 Pro Controller,nintendo-switch-2-pro-controller
Belkin Gaming Tempered Glass Blue Light Filter Screen Protector for Nintendo Switch 2,29.0,https://www.jbhifi.com.au/products/belkin-gaming-tempered-glass-blue-light-filter-screen-protector-for-nintendo-switch-2,gaming-accessories,jbhifi,Belkin Gaming Tempered Glass Blue Light Filter Screen Protector for Nintendo Switch 2,belkin-gaming-tempered-glass-blue-light-filter-screen-protector-for-nintendo-switch-2
PS5 PlayStation 5 DualSense Wireless Controller Chroma Pearl,88.0,https://www.jbhifi.com.au/products/ps5-playstation-5-dualsense-wireless-controller-chroma-pearl-1,gaming-accessories,jbhifi,PS5 PlayStation 5 DualSense Wireless Controller,ps5-playstation-5-dualsense-wireless-controller
Logitech G G923 SE TRUEFORCE Racing Wheel + Pedals and Shifter for PlayStation,499.0,https://www.jbhifi.com.au/products/logitech-g-g923-se-trueforce-racing-wheel-pedals-and-shifter-for-playstation,gaming-accessories,jbhifi,Logitech G G923 SE TRUEFORCE Racing Wheel + Pedals and Shifter for PlayStation,logitech-g-g923-se-trueforce-racing-wheel-pedals-and-shifter-for-playstation
PS5 PlayStation 5 DualSense Wireless Controller Rhythm Blue,98.0,https://www.jbhifi.com.au/products/ps5-playstation-5-dualsense-wireless-controller-rhythm-blue,gaming-accessories,jbhifi,PS5 PlayStation 5 DualSense Wireless Controller,ps5-playstation-5-dualsense-wireless-controller
PS5 PlayStation PULSE Elite Wireless Headset,239.0,https://www.jbhifi.com.au/products/ps5-playstation-pulse-elite-wireless-headset-1,gaming-accessories,jbhifi,PS5 PlayStation PULSE Elite Wireless Headset,ps5-playstation-pulse-elite-wireless-headset
PS5 PlayStation 5 DualSense Wireless Controller Chroma Teal,124.0,https://www.jbhifi.com.au/products/ps5-playstation-5-dualsense-wireless-controller-chroma-teal-1,gaming-accessories,jbhifi,PS5 PlayStation 5 DualSense Wireless Controller,ps5-playstation-5-dualsense-wireless-controller
ROG Azoth Extreme 20th Anniversary Edition Gaming Keyboard,999.0,https://www.jbhifi.com.au/products/rog-azoth-extreme-20th-anniversary-edition-gaming-keyboard,gaming-accessories,jbhifi,ROG Azoth Extreme 20th Anniversary Edition Gaming Keyboard,rog-azoth-extreme-20th-anniversary-edition-gaming-keyboard
Logitech G PRO X2 SUPERSTRIKE LIGHTSPEED Gaming Mouse,299.0,https://www.jbhifi.com.au/products/logitech-g-pro-x2-superstrike-lightspeed-gaming-mouse,gaming-accessories,jbhifi,Logitech G PRO X2 SUPERSTRIKE LIGHTSPEED Gaming Mouse,logitech-g-pro-x2-superstrike-lightspeed-gaming-mouse
PS5 PlayStation 5 DualSense Edge Wireless Controller Midnight Black,329.0,https://www.jbhifi.com.au/products/ps5-playstation-5-dualsense-edge-wireless-controller-midnight-black,gaming-accessories,jbhifi,PS5 PlayStation 5 DualSense Edge Wireless Controller,ps5-playstation-5-dualsense-edge-wireless-controller
Moza R5 Racing Bundle for PC,649.0,https://www.jbhifi.com.au/products/moza-r5-racing-bundle-for-pc,gaming-accessories,jbhifi,Moza R5 Racing Bundle for PC,moza-r5-racing-bundle-for-pc
Logitech G G923 SE TRUEFORCE Racing Wheel + Pedals and Shifter for Xbox,499.0,https://www.jbhifi.com.au/products/logitech-g-g923-se-trueforce-racing-wheel-pedals-and-shifter-for-xbox,gaming-accessories,jbhifi,Logitech G G923 SE TRUEFORCE Racing Wheel + Pedals and Shifter for Xbox,logitech-g-g923-se-trueforce-racing-wheel-pedals-and-shifter-for-xbox
ROG Harpe II Extreme 20th Anniversary Edition Gaming Mouse,399.0,https://www.jbhifi.com.au/products/rog-harpe-ii-extreme-20th-anniversary-edition-gaming-mouse,gaming-accessories,jbhifi,ROG Harpe II Extreme 20th Anniversary Edition Gaming Mouse,rog-harpe-ii-extreme-20th-anniversary-edition-gaming-mouse
Logitech G G29 SE Driving Force Racing Wheel+ Pedals and Shifter for PlayStation,399.0,https://www.jbhifi.com.au/products/logitech-g-g29-se-driving-force-racing-wheel-pedals-and-shifter-for-playstation,gaming-accessories,jbhifi,Logitech G G29 SE Driving Force Racing Wheel + Pedals and Shifter for PlayStation,logitech-g-g29-se-driving-force-racing-wheel-pedals-and-shifter-for-playstation
GameSir G7 Pro Wireless Controller for PC & Mobile - Wired for Xbox (Shadow Ember),129.0,https://www.jbhifi.com.au/products/gamesir-g7-pro-wireless-controller-for-pc-mobile-wired-for-xbox-shadow-ember,gaming-accessories,jbhifi,GameSir G7 Pro Wireless Controller for PC & Mobile,gamesir-g7-pro-wireless-controller-for-pc-mobile
Logitech G G920 SE Driving Force Racing Wheel+ Pedals and Shifter for Xbox Series X/S,399.0,https://www.jbhifi.com.au/products/logitech-g-g920-se-driving-force-racing-wheel-pedals-and-shifter-for-xbox-series-x-s,gaming-accessories,jbhifi,Logitech G G920 SE Driving Force Racing Wheel + Pedals and Shifter for Xbox Series X/S,logitech-g-g920-se-driving-force-racing-wheel-pedals-and-shifter-for-xbox-series-x-s
PS5 PlayStation 5 DualSense Wireless Controller 007 First Light Limited Edition,134.0,https://www.jbhifi.com.au/products/ps5-playstation-5-dualsense-wireless-controller-007-first-light-limited-edition,gaming-accessories,jbhifi,PS5 PlayStation 5 DualSense Wireless Controller,ps5-playstation-5-dualsense-wireless-controller
HyperX Cloud III S Wireless Gaming Headset (Black),229.0,https://www.jbhifi.com.au/products/hyperx-cloud-iii-s-wireless-gaming-headset-black,gaming-accessories,jbhifi,HyperX Cloud III S Wireless Gaming Headset,hyperx-cloud-iii-s-wireless-gaming-headset
PXN V9 Gen2 Premium Steering Wheel,199.0,https://www.jbhifi.com.au/products/pxn-v9-gen2-premium-steering-wheel,gaming-accessories,jbhifi,PXN V9 Gen2 Premium Steering Wheel,pxn-v9-gen2-premium-steering-wheel
Xbox Elite Wireless Controller Series 2,279.0,https://www.jbhifi.com.au/products/xbox-elite-wireless-controller-series-2,gaming-accessories,jbhifi,Xbox Elite Wireless Controller Series 2,xbox-elite-wireless-controller-series-2
LiberNovo Omni Smart Dynamic Ergonomic Chair (Midnight Black),1699.0,https://www.jbhifi.com.au/products/libernovo-omni-smart-dynamic-ergonomic-chair-midnight-black,gaming-accessories,jbhifi,LiberNovo Omni Smart Dynamic Ergonomic Chair,libernovo-omni-smart-dynamic-ergonomic-chair
Moza R3 Racing Bundle for PC,439.0,https://www.jbhifi.com.au/products/moza-r3-racing-bundle-for-pc,gaming-accessories,jbhifi,Moza R3 Racing Bundle for PC,moza-r3-racing-bundle-for-pc
Moza R3 Racing Bundle for Xbox Series X/S and PC,499.0,https://www.jbhifi.com.au/products/moza-r3-racing-bundle-for-xbox-series-x-s-and-pc,gaming-accessories,jbhifi,Moza R3 Racing Bundle for Xbox Series X/S and PC,moza-r3-racing-bundle-for-xbox-series-x-s-and-pc
XREAL One Pro AR Glasses with X1 Chip (Medium),999.0,https://www.jbhifi.com.au/products/xreal-one-pro-ar-glasses-with-x1-chip-medium,gaming-accessories,jbhifi,XREAL One Pro AR Glasses,xreal-one-pro-ar-glasses
Amazon Echo Studio (Graphite),429.0,https://www.jbhifi.com.au/products/amazon-echo-studio-graphite,smart-home,jbhifi,Amazon Echo Studio,amazon-echo-studio
Amazon Echo Show 11 (Graphite),429.0,https://www.jbhifi.com.au/products/amazon-echo-show-11-graphite,smart-home,jbhifi,Amazon Echo Show 11,amazon-echo-show-11
eufy E10 All in One Smart Display,299.0,https://www.jbhifi.com.au/products/eufy-e10-all-in-one-smart-display,smart-home,jbhifi,eufy E10 All in One Smart Display,eufy-e10-all-in-one-smart-display
Segway Electric KickScooter E2 Pro,699.0,https://www.jbhifi.com.au/products/segway-electric-kickscooter-e2-pro,smart-home,jbhifi,Segway Electric KickScooter E2 Pro,segway-electric-kickscooter-e2-pro
eufy Security eufyCam 3 4K Wireless Home Security System (4-Pack),999.0,https://www.jbhifi.com.au/products/eufy-security-eufycam-3-4k-wireless-home-security-system-4-pack,smart-home,jbhifi,eufy Security eufyCam 3 4K Wireless Home Security System,eufy-security-eufycam-3-4k-wireless-home-security-system
eufy Security eufyCam 2C Pro 2K Wireless Home Security System (4 Pack),549.0,https://www.jbhifi.com.au/products/eufy-security-eufycam-2c-pro-2k-wireless-home-security-system-4-pack,smart-home,jbhifi,eufy Security eufyCam 2C Pro 2K Wireless Home Security System,eufy-security-eufycam-2c-pro-2k-wireless-home-security-system
eufy EufyCam S4 Security Camera,549.0,https://www.jbhifi.com.au/products/eufy-eufycam-s4-security-camera,smart-home,jbhifi,eufy EufyCam S4 Security Camera,eufy-eufycam-s4-security-camera
eufy E42 Security Camera Kit (4 Pack),999.0,https://www.jbhifi.com.au/products/eufy-e42-security-camera-kit-4-pack,smart-home,jbhifi,eufy E42 Security Camera Kit,eufy-e42-security-camera-kit
"Jackson Frameo Boxy Smart Digital Photo Frame 10.1"" 16GB (Oak)",171.0,https://www.jbhifi.com.au/products/jackson-frameo-boxy-smart-digital-photo-frame-10-1-16gb-oak,smart-home,jbhifi,"Jackson Frameo Boxy Smart Digital Photo Frame 10.1"" 16GB",jackson-frameo-boxy-smart-digital-photo-frame-10-1-16gb
Segway Max G3 Electric Scooter,1599.0,https://www.jbhifi.com.au/products/segway-max-g3-electric-scooter,smart-home,jbhifi,Segway Max G3 Electric Scooter,segway-max-g3-electric-scooter
Segway ZT3 Pro Electric Kick Scooter,1399.0,https://www.jbhifi.com.au/products/segway-zt3-pro-electric-kick-scooter,smart-home,jbhifi,Segway ZT3 Pro Electric Kick Scooter,segway-zt3-pro-electric-kick-scooter
Philips Hue Colour Ambiance Bluetooth Downlight 90mm,99.0,https://www.jbhifi.com.au/products/philips-hue-colour-ambiance-bluetooth-downlight-90mm,smart-home,jbhifi,Philips Hue Colour Ambiance Bluetooth Downlight 90mm,philips-hue-colour-ambiance-bluetooth-downlight-90mm
eufy Security eufyCam 2C Pro 2K Wireless Home Security System (2 Pack),349.0,https://www.jbhifi.com.au/products/eufy-security-eufycam-2c-pro-2k-wireless-home-security-system-2-pack,smart-home,jbhifi,eufy Security eufyCam 2C Pro 2K Wireless Home Security System,eufy-security-eufycam-2c-pro-2k-wireless-home-security-system
eufy S340 SOLOCAM Security Camera with Homebase (2 Pack),799.0,https://www.jbhifi.com.au/products/eufy-s340-solocam-security-camera-with-homebase-2-pack,smart-home,jbhifi,eufy S340 SOLOCAM Security Camera with Homebase,eufy-s340-solocam-security-camera-with-homebase
eufy S4 Max NVR POE 24/7 Security Camera System [4 PTZ Cameras],1599.0,https://www.jbhifi.com.au/products/eufy-s4-max-nvr-poe-24-7-security-camera-system-4-ptz-cameras,smart-home,jbhifi,eufy S4 Max NVR POE 24/7 Security Camera System,eufy-s4-max-nvr-poe-24-7-security-camera-system
eufy EufyCam S4 Security Camera (2 Pack),1299.0,https://www.jbhifi.com.au/products/eufy-eufycam-s4-security-camera-2-pack,smart-home,jbhifi,eufy EufyCam S4 Security Camera,eufy-eufycam-s4-security-camera
eufy S3 Pro Security Camera Kit (4 Pack),1999.0,https://www.jbhifi.com.au/products/eufy-s3-pro-security-camera-kit-4-pack-1,smart-home,jbhifi,eufy S3 Pro Security Camera Kit,eufy-s3-pro-security-camera-kit
eufy C30 Video Doorbell,99.0,https://www.jbhifi.com.au/products/eufy-c30-video-doorbell,smart-home,jbhifi,eufy C30 Video Doorbell,eufy-c30-video-doorbell
Segway KickScooter C2 Pro,499.0,https://www.jbhifi.com.au/products/segway-kickscooter-c2-pro,smart-home,jbhifi,Segway KickScooter C2 Pro,segway-kickscooter-c2-pro
eufy Security E340 Dual Camera Video Doorbell,299.0,https://www.jbhifi.com.au/products/eufy-security-e340-dual-camera-video-doorbell,smart-home,jbhifi,eufy Security E340 Dual Camera Video Doorbell,eufy-security-e340-dual-camera-video-doorbell
TP-LINK Tapo 2K Pan & Tilt Wi-Fi Security Camera [2 Pack],69.0,https://www.jbhifi.com.au/products/tp-link-tapo-2k-pan-tilt-wi-fi-security-camera-2-pack,smart-home,jbhifi,TP-LINK Tapo 2K Pan & Tilt Wi-Fi Security Camera,tp-link-tapo-2k-pan-tilt-wi-fi-security-camera
Sonos Era 300 Smart Speaker (Black),559.0,https://www.jbhifi.com.au/products/sonos-era-300-smart-speaker-black,smart-home,jbhifi,Sonos Era 300 Smart Speaker,sonos-era-300-smart-speaker
NIU KQi2 Pro Electric Kick Scooter (Grey),599.0,https://www.jbhifi.com.au/products/niu-kqi2-pro-electric-kick-scooter-grey,smart-home,jbhifi,NIU KQi2 Pro Electric Kick Scooter,niu-kqi2-pro-electric-kick-scooter
eufy Security eufyCam 2C Pro 2K Wireless Home Security System (3 Pack),449.0,https://www.jbhifi.com.au/products/eufy-security-eufycam-2c-pro-2k-wireless-home-security-system-3-pack,smart-home,jbhifi,eufy Security eufyCam 2C Pro 2K Wireless Home Security System,eufy-security-eufycam-2c-pro-2k-wireless-home-security-system
Google Nest Doorbell (Battery),174.0,https://www.jbhifi.com.au/products/google-nest-doorbell-battery,smart-home,jbhifi,Google Nest Doorbell (Battery),google-nest-doorbell-battery
Google Nest Outdoor/ Indoor Battery Security Camera [3 Pack],378.0,https://www.jbhifi.com.au/products/google-nest-outdoor-indoor-battery-security-camera-3-pack,smart-home,jbhifi,Google Nest Outdoor/Indoor Battery Security Camera,google-nest-outdoor-indoor-battery-security-camera
eufy Security 2k Indoor Pan & Tilt Camera,79.0,https://www.jbhifi.com.au/products/eufy-security-2k-indoor-pan-tilt-camera,smart-home,jbhifi,eufy Security 2k Indoor Pan & Tilt Camera,eufy-security-2k-indoor-pan-tilt-camera
eufy V2 Advanced Security Camera Kit,799.0,https://www.jbhifi.com.au/products/eufy-v2-advanced-security-camera-kit,smart-home,jbhifi,eufy V2 Advanced Security Camera Kit,eufy-v2-advanced-security-camera-kit
Swann MaxRanger4K Mini Long-Range Wireless Solar Security System (4 Pack),699.0,https://www.jbhifi.com.au/products/swann-maxranger4k-mini-long-range-wireless-solar-security-system-4-pack,smart-home,jbhifi,Swann MaxRanger4K Mini Long-Range Wireless Solar Security System,swann-maxranger4k-mini-long-range-wireless-solar-security-system
Philips Hue Bridge Pro,179.0,https://www.jbhifi.com.au/products/philips-hue-bridge-pro,smart-home,jbhifi,Philips Hue Bridge Pro,philips-hue-bridge-pro
Swann MaxRanger V2 Security Camera Kit (6 Pack),1189.0,https://www.jbhifi.com.au/products/swann-maxranger-v2-security-camera-kit-6-pack,smart-home,jbhifi,Swann MaxRanger V2 Security Camera Kit,swann-maxranger-v2-security-camera-kit
eufy SoloCam S340 Security Camera,349.0,https://www.jbhifi.com.au/products/eufy-solocam-s340-security-camera,smart-home,jbhifi,eufy SoloCam S340 Security Camera,eufy-solocam-s340-security-camera
"Jackson Frameo Smart Digital Photo Frame 10.1"" 16GB (White Oak)",164.0,https://www.jbhifi.com.au/products/jackson-frameo-smart-digital-photo-frame-10-1-16gb-white-oak,smart-home,jbhifi,"Jackson Frameo Smart Digital Photo Frame 10.1"" 16GB",jackson-frameo-smart-digital-photo-frame-10-1-16gb
Swann 4K AdvancedX Series NVR Security System [6 Camera Kit],749.0,https://www.jbhifi.com.au/products/swann-4k-advancedx-series-nvr-security-system-6-camera-kit,smart-home,jbhifi,Swann 4K AdvancedX Series NVR Security System,swann-4k-advancedx-series-nvr-security-system
Tractive GPS Tracker Dog 6 (Black),59.0,https://www.jbhifi.com.au/products/tractive-gps-tracker-dog-6-black,smart-home,jbhifi,Tractive GPS Tracker Dog 6,tractive-gps-tracker-dog-6
Connect Smart Home Garage Door Opener with Improved Magnetic Sensor,49.0,https://www.jbhifi.com.au/products/connect-smart-home-garage-door-opener-with-improved-magnetic-sensor,smart-home,jbhifi,Connect Smart Home Garage Door Opener with Improved Magnetic Sensor,connect-smart-home-garage-door-opener-with-improved-magnetic-sensor
Philips Hue White Ambiance 800 Lumens Bluetooth Downlight 90mm,84.0,https://www.jbhifi.com.au/products/philips-hue-white-ambiance-800-lumens-bluetooth-downlight-90mm,smart-home,jbhifi,Philips Hue White Ambiance 800 Lumens Bluetooth Downlight 90mm,philips-hue-white-ambiance-800-lumens-bluetooth-downlight-90mm
Panasonic LUMIX TZ99 30x Zoom Compact Camera (Black),799.0,https://www.jbhifi.com.au/products/panasonic-lumix-tz99-30x-zoom-compact-camera-black,cameras,jbhifi,Panasonic LUMIX TZ99 30x Zoom Compact Camera,panasonic-lumix-tz99-30x-zoom-compact-camera
Canon EOS R50 Mirrorless Camera with RFS 18-45mm Lens Kit,998.0,https://www.jbhifi.com.au/products/canon-eos-r50-mirrorless-camera-with-rfs-18-45mm-lens-kit,cameras,jbhifi,Canon EOS R50 Mirrorless Camera with RFS 18-45mm Lens Kit,canon-eos-r50-mirrorless-camera-with-rfs-18-45mm-lens-kit
DJI Osmo Mobile 8 Gimbal,176.0,https://www.jbhifi.com.au/products/dji-osmo-mobile-8-gimbal,cameras,jbhifi,DJI Osmo Mobile 8 Gimbal,dji-osmo-mobile-8-gimbal
Insta360 Luna Ultra Ultra 8K Gimbal Camera Creator Bundle (Cosmic Black),1549.0,https://www.jbhifi.com.au/products/insta360-luna-ultra-ultra-8k-gimbal-camera-creator-bundle-cosmic-black,cameras,jbhifi,Insta360 Luna Ultra Ultra 8K Gimbal Camera,insta360-luna-ultra-ultra-8k-gimbal-camera
DJI Osmo Pocket 4 Creator Combo,959.0,https://www.jbhifi.com.au/products/dji-osmo-pocket-4-creator-combo,cameras,jbhifi,DJI Osmo Pocket 4,dji-osmo-pocket-4
GoPro Hero13 Black 5.3K HyperSmooth 6.0 Action Cam,399.0,https://www.jbhifi.com.au/products/gopro-hero13-black-5-3k-hypersmooth-6-0-action-cam,cameras,jbhifi,GoPro Hero13 Black 5.3K HyperSmooth 6.0 Action Cam,gopro-hero13-black-5-3k-hypersmooth-6-0-action-cam
GoPro Mission 1 Pro 8K Compact Cinema Camera,1099.0,https://www.jbhifi.com.au/products/gopro-mission-1-pro-8k-compact-cinema-camera,cameras,jbhifi,GoPro Mission 1 Pro 8K Compact Cinema Camera,gopro-mission-1-pro-8k-compact-cinema-camera
DJI Mic Mini 2 (2 TX + 1 RX + Charging Case),149.0,https://www.jbhifi.com.au/products/dji-mic-mini-2-2-tx-1-rx-charging-case,cameras,jbhifi,DJI Mic Mini 2,dji-mic-mini-2
DJI Osmo Pocket 4 Standard Combo,769.0,https://www.jbhifi.com.au/products/dji-osmo-pocket-4-standard-combo,cameras,jbhifi,DJI Osmo Pocket 4,dji-osmo-pocket-4
Insta360 X5 8K 360 Action Camera Essentials Bundle,939.0,https://www.jbhifi.com.au/products/insta360-x5-8k-360-action-camera-essentials-bundle,cameras,jbhifi,Insta360 X5 8K 360 Action Camera,insta360-x5-8k-360-action-camera
DJI Osmo Pocket 3 4K 3 Axis Gimbal Camera Combo,779.0,https://www.jbhifi.com.au/products/dji-osmo-pocket-3-4k-3-axis-gimbal-camera-combo,cameras,jbhifi,DJI Osmo Pocket 3 4K 3 Axis Gimbal Camera,dji-osmo-pocket-3-4k-3-axis-gimbal-camera
DJI Osmo Pocket 3 4K 3 Axis Gimbal Camera,569.0,https://www.jbhifi.com.au/products/dji-osmo-pocket-3-4k-3-axis-gimbal-camera,cameras,jbhifi,DJI Osmo Pocket 3 4K 3 Axis Gimbal Camera,dji-osmo-pocket-3-4k-3-axis-gimbal-camera
DJI Osmo Action 4 Standard Combo,299.0,https://www.jbhifi.com.au/products/dji-osmo-action-4-standard-combo,cameras,jbhifi,DJI Osmo Action 4,dji-osmo-action-4
Kodak Pixpro FZ55 Digital Compact Camera (Black),249.0,https://www.jbhifi.com.au/products/kodak-pixpro-fz55-digital-compact-camera-black,cameras,jbhifi,Kodak Pixpro FZ55 Digital Compact Camera,kodak-pixpro-fz55-digital-compact-camera
Fujifilm X-T30 III Mirrorless Camera with 13-33mm Lens (Charcoal/Silver),1639.0,https://www.jbhifi.com.au/products/fujifilm-x-t30-iii-mirrorless-camera-with-13-33mm-lens-charcoal-silver,cameras,jbhifi,Fujifilm X-T30 III Mirrorless Camera with 13-33mm Lens,fujifilm-x-t30-iii-mirrorless-camera-with-13-33mm-lens
Fujifilm X-M5 Mirrorless Camera with XC 15-45mm Lens (Black),1319.0,https://www.jbhifi.com.au/products/fujifilm-x-m5-mirrorless-camera-with-xc-15-45mm-lens-black,cameras,jbhifi,Fujifilm X-M5 Mirrorless Camera with XC 15-45mm Lens,fujifilm-x-m5-mirrorless-camera-with-xc-15-45mm-lens
Insta360 Luna Ultra 8K Gimbal Camera Standard Bundle (Cosmic Black),1229.0,https://www.jbhifi.com.au/products/insta360-luna-ultra-8k-gimbal-camera-standard-bundle-cosmic-black,cameras,jbhifi,Insta360 Luna Ultra 8K Gimbal Camera,insta360-luna-ultra-8k-gimbal-camera
DJI Mic Mini 2 (2 TX + 1 Mobile RX + Charging Case),119.0,https://www.jbhifi.com.au/products/dji-mic-mini-2-2-tx-1-mobile-rx-charging-case,cameras,jbhifi,DJI Mic Mini 2,dji-mic-mini-2
Sony Alpha A6400 Mirrorless Camera with 16-50mm II Lens (Black),1299.0,https://www.jbhifi.com.au/products/sony-alpha-a6400-mirrorless-camera-with-16-50mm-ii-lens-black,cameras,jbhifi,Sony Alpha A6400 Mirrorless Camera with 16-50mm II Lens,sony-alpha-a6400-mirrorless-camera-with-16-50mm-ii-lens
Kodak Pixpro FZ55 Digital Compact Camera (Red),249.0,https://www.jbhifi.com.au/products/kodak-pixpro-fz55-digital-compact-camera-red,cameras,jbhifi,Kodak Pixpro FZ55 Digital Compact Camera,kodak-pixpro-fz55-digital-compact-camera
Fujifilm X-S20 Mirrorless Camera with XC15-45mm Lens,1799.0,https://www.jbhifi.com.au/products/fujifilm-x-s20-mirrorless-camera-with-xc15-45mm-lens,cameras,jbhifi,Fujifilm X-S20 Mirrorless Camera with XC15-45mm Lens,fujifilm-x-s20-mirrorless-camera-with-xc15-45mm-lens
Canon EOS R50 Mirrorless Camera with RFS 18-45 + 55-210mm Twin Lens Kit,1324.0,https://www.jbhifi.com.au/products/canon-eos-r50-mirrorless-camera-with-rfs-18-45-55-210mm-twin-lens-kit,cameras,jbhifi,Canon EOS R50 Mirrorless Camera with RFS 18-45 + 55-210mm Twin Lens Kit,canon-eos-r50-mirrorless-camera-with-rfs-18-45-55-210mm-twin-lens-kit
Sony Cybershot RX100 VII Ultra Fast 4K Compact Camera,1699.0,https://www.jbhifi.com.au/products/sony-cybershot-rx100-vii-ultra-fast-4k-compact-camera,cameras,jbhifi,Sony Cybershot RX100 VII Ultra Fast 4K Compact Camera,sony-cybershot-rx100-vii-ultra-fast-4k-compact-camera
GoPro Hero13 Black 5.3K HyperSmooth 6.0 Action Cam Accessory Bundle,729.0,https://www.jbhifi.com.au/products/gopro-hero13-black-5-3k-hypersmooth-6-0-action-cam-accessory-bundle,cameras,jbhifi,GoPro Hero13 Black 5.3K HyperSmooth 6.0 Action Cam,gopro-hero13-black-5-3k-hypersmooth-6-0-action-cam
Kodak Pixpro FZ45 Digital Compact Camera (Pink),168.0,https://www.jbhifi.com.au/products/kodak-pixpro-fz45-digital-compact-camera-pink,cameras,jbhifi,Kodak Pixpro FZ45 Digital Compact Camera,kodak-pixpro-fz45-digital-compact-camera
Kodak Charmera Digital Keyring Camera (Blind Box),44.0,https://www.jbhifi.com.au/products/kodak-charmera-digital-keyring-camera-blind-box,cameras,jbhifi,Kodak Charmera Digital Keyring Camera,kodak-charmera-digital-keyring-camera
DJI Osmo Action 6 Adventure Combo,839.0,https://www.jbhifi.com.au/products/dji-osmo-action-6-adventure-combo,cameras,jbhifi,DJI Osmo Action 6,dji-osmo-action-6
DJI Osmo Action 6 Standard Combo,669.0,https://www.jbhifi.com.au/products/dji-osmo-action-6-standard-combo,cameras,jbhifi,DJI Osmo Action 6,dji-osmo-action-6
Sony ZV-E10 Mirrorless Vlog Camera with 16-50mm OSS II Lens Kit (Black),1049.0,https://www.jbhifi.com.au/products/sony-zv-e10-mirrorless-vlog-camera-with-16-50mm-oss-ii-lens-kit-black,cameras,jbhifi,Sony ZV-E10 Mirrorless Vlog Camera with 16-50mm OSS II Lens Kit,sony-zv-e10-mirrorless-vlog-camera-with-16-50mm-oss-ii-lens-kit
Insta360 Go Ultra Action Cam Creator Bundle (Black),755.0,https://www.jbhifi.com.au/products/insta360-go-ultra-action-cam-creator-bundle-black,cameras,jbhifi,Insta360 Go Ultra Action Cam,insta360-go-ultra-action-cam
DJI Osmo Nano Action Standard Combo (128GB),589.0,https://www.jbhifi.com.au/products/dji-osmo-nano-action-standard-combo-128gb,cameras,jbhifi,DJI Osmo Nano Action,dji-osmo-nano-action
Rode Wireless Micro Ultra-compact 2-Person Wireless Microphone USB-C (Black),169.0,https://www.jbhifi.com.au/products/rode-wireless-micro-ultra-compact-2-person-wireless-microphone-usb-c-black,cameras,jbhifi,Rode Wireless Micro Ultra-compact 2-Person Wireless Microphone USB-C,rode-wireless-micro-ultra-compact-2-person-wireless-microphone-usb-c
DJI Osmo Action 5 Pro Standard Combo,459.0,https://www.jbhifi.com.au/products/dji-osmo-action-5-pro-standard-combo,cameras,jbhifi,DJI Osmo Action 5 Pro,dji-osmo-action-5-pro
Fujifilm X-T50 Mirrorless Camera with 15-45mm Lens (Black),1989.0,https://www.jbhifi.com.au/products/fujifilm-x-t50-mirrorless-camera-with-15-45mm-lens-black,cameras,jbhifi,Fujifilm X-T50 Mirrorless Camera with 15-45mm Lens,fujifilm-x-t50-mirrorless-camera-with-15-45mm-lens
Fujifilm Instax Mini Film (60 Pack),79.0,https://www.jbhifi.com.au/products/fujifilm-instax-mini-film-60-pack,cameras,jbhifi,Fujifilm Instax Mini Film,fujifilm-instax-mini-film
Canon PowerShot SX740 HS Compact Digital Camera [4K Video],799.0,https://www.jbhifi.com.au/products/canon-powershot-sx740-hs-compact-digital-camera-4k-video,cameras,jbhifi,Canon PowerShot SX740 HS Compact Digital Camera,canon-powershot-sx740-hs-compact-digital-camera
Canon EOS 1500D DSLR Camera with 18-55mm Lens,721.65,https://www.jbhifi.com.au/products/canon-eos-1500d-dslr-camera-with-18-55mm-lens,cameras,jbhifi,Canon EOS 1500D DSLR Camera with 18-55mm Lens,canon-eos-1500d-dslr-camera-with-18-55mm-lens
Apple iPad 10 64GB Wi-Fi (Silver) [*Refurbished:As New ],475.0,https://www.jbhifi.com.au/products/apple-ipad-10-64gb-wi-fi-silver-refurbishedas-new,tablets,jbhifi,Apple iPad 10th Gen,apple-ipad-10th-gen
"Apple iPad Air 7 2025, 11-inch (M3) 128GB - Blue - [*Refurbished: Excellent condition]",800.0,https://www.jbhifi.com.au/products/apple-ipad-air-7-2025-11-inch-m3-128gb-blue-refurbished-excellent-condition,tablets,jbhifi,Apple iPad Air 7 2025 11-inch (M3),apple-ipad-air-7-2025-11-inch-m3
"Apple iPad Air 7 2025, 11-inch (M3) 128GB - Blue - [*Refurbished: As New condition]",835.0,https://www.jbhifi.com.au/products/apple-ipad-air-7-2025-11-inch-m3-128gb-blue-refurbished-as-new-condition,tablets,jbhifi,Apple iPad Air 7 2025 11-inch (M3),apple-ipad-air-7-2025-11-inch-m3
"Apple iPad Air 7 2025, 11-inch (M3) 128GB - Starlight - [*Refurbished: As New condition]",835.0,https://www.jbhifi.com.au/products/apple-ipad-air-7-2025-11-inch-m3-128gb-starlight-refurbished-as-new-condition,tablets,jbhifi,Apple iPad Air 7 2025 11-inch (M3),apple-ipad-air-7-2025-11-inch-m3
"Apple iPad Air 7 2025, 11-inch (M3) 128GB - Space Gray - [*Refurbished: Excellent condition]",800.0,https://www.jbhifi.com.au/products/apple-ipad-air-7-2025-11-inch-m3-128gb-space-gray-refurbished-excellent-condition,tablets,jbhifi,Apple iPad Air 7 2025 11-inch (M3),apple-ipad-air-7-2025-11-inch-m3
"Apple iPad Air 7 2025, 11-inch (M3) 256GB - Space Gray - [*Refurbished: As New condition]",1240.0,https://www.jbhifi.com.au/products/apple-ipad-air-7-2025-11-inch-m3-256gb-space-gray-refurbished-as-new-condition,tablets,jbhifi,Apple iPad Air 7 2025 11-inch (M3),apple-ipad-air-7-2025-11-inch-m3
"Apple iPad Air 7 2025, 11-inch (M3) 128GB - Space Gray - [*Refurbished: As New condition]",835.0,https://www.jbhifi.com.au/products/apple-ipad-air-7-2025-11-inch-m3-128gb-space-gray-refurbished-as-new-condition,tablets,jbhifi,Apple iPad Air 7 2025 11-inch (M3),apple-ipad-air-7-2025-11-inch-m3
"Apple iPad Air 7 2025, 11-inch (M3) 128GB - Purple - [*Refurbished: As New condition]",835.0,https://www.jbhifi.com.au/products/apple-ipad-air-7-2025-11-inch-m3-128gb-purple-refurbished-as-new-condition,tablets,jbhifi,Apple iPad Air 7 2025 11-inch (M3),apple-ipad-air-7-2025-11-inch-m3
"Apple iPad Air 7 2025, 13-inch (M3) 128GB - Space Gray - [*Refurbished: As New condition]",1080.0,https://www.jbhifi.com.au/products/apple-ipad-air-7-2025-13-inch-m3-128gb-space-gray-refurbished-as-new-condition,tablets,jbhifi,Apple iPad Air 7 2025 13-inch (M3),apple-ipad-air-7-2025-13-inch-m3
Apple iPad Air 5 (2022) Wi-Fi 64GB - Space Gray - [*Refurbished: Excellent condition],500.0,https://www.jbhifi.com.au/products/apple-ipad-air-5-2022-wi-fi-64gb-space-gray-refurbished-excellent-condition,tablets,jbhifi,Apple iPad Air 5 (2022),apple-ipad-air-5-2022
Apple iPad Air 5 (2022) Wi-Fi 64GB - Space Gray - [*Refurbished: As New condition],520.0,https://www.jbhifi.com.au/products/apple-ipad-air-5-2022-wi-fi-64gb-space-gray-refurbished-as-new-condition,tablets,jbhifi,Apple iPad Air 5 (2022),apple-ipad-air-5-2022
Apple iPad 9th Gen (2021) Wi-Fi 64GB - Silver - [*Refurbished: As New condition],300.0,https://www.jbhifi.com.au/products/apple-ipad-9th-gen-2021-wi-fi-64gb-silver-refurbished-as-new-condition,tablets,jbhifi,Apple iPad 9th Gen (2021),apple-ipad-9th-gen-2021
Apple iPad 10th Gen (2022) Wi-Fi 256GB - Blue - [*Refurbished: Excellent condition],580.0,https://www.jbhifi.com.au/products/apple-ipad-10th-gen-2022-wi-fi-256gb-blue-refurbished-excellent-condition,tablets,jbhifi,Apple iPad 10th Gen (2022),apple-ipad-10th-gen-2022
Apple iPad 9th Gen (2021) Wi-Fi 64GB - Silver - [*Refurbished: Excellent condition],285.0,https://www.jbhifi.com.au/products/apple-ipad-9th-gen-2021-wi-fi-64gb-silver-refurbished-excellent-condition,tablets,jbhifi,Apple iPad 9th Gen (2021),apple-ipad-9th-gen-2021
Apple iPad 10th Gen (2022) Wi-Fi 64GB - Blue - [*Refurbished: As New condition],480.0,https://www.jbhifi.com.au/products/apple-ipad-10th-gen-2022-wi-fi-64gb-blue-refurbished-as-new-condition,tablets,jbhifi,Apple iPad 10th Gen (2022),apple-ipad-10th-gen-2022
Apple iPad 10th Gen (2022) Wi-Fi 64GB - Silver - [*Refurbished: As New condition],480.0,https://www.jbhifi.com.au/products/apple-ipad-10th-gen-2022-wi-fi-64gb-silver-refurbished-as-new-condition,tablets,jbhifi,Apple iPad 10th Gen (2022),apple-ipad-10th-gen-2022
Apple iPad 8th Gen (2020) Wi-Fi 128GB - Silver - [*Refurbished: Excellent condition],270.0,https://www.jbhifi.com.au/products/apple-ipad-8th-gen-2020-wi-fi-128gb-silver-refurbished-excellent-condition,tablets,jbhifi,Apple iPad 8th Gen (2020),apple-ipad-8th-gen-2020
Apple iPad 8th Gen (2020) Wi-Fi 32GB - Gold - [*Refurbished: Excellent condition],230.0,https://www.jbhifi.com.au/products/apple-ipad-8th-gen-2020-wi-fi-32gb-gold-refurbished-excellent-condition,tablets,jbhifi,Apple iPad 8th Gen (2020),apple-ipad-8th-gen-2020
Apple iPad 8th Gen (2020) Wi-Fi 32GB - Gold - [*Refurbished: As New condition],240.0,https://www.jbhifi.com.au/products/apple-ipad-8th-gen-2020-wi-fi-32gb-gold-refurbished-as-new-condition,tablets,jbhifi,Apple iPad 8th Gen (2020),apple-ipad-8th-gen-2020
Apple iPad 9th Gen (2021) Wi-Fi + Cellular 64GB - Space Gray - [*Refurbished: As New condition],325.0,https://www.jbhifi.com.au/products/apple-ipad-9th-gen-2021-wi-fi-cellular-64gb-space-gray-refurbished-as-new-condition,tablets,jbhifi,Apple iPad 9th Gen (2021),apple-ipad-9th-gen-2021
Apple iPad 9th Gen 64GB Wi-Fi + Cellular (Silver) [*Refurbished: As New],414.0,https://www.jbhifi.com.au/products/apple-ipad-9th-gen-64gb-wi-fi-cellular-silver-refurbished-as-new,tablets,jbhifi,Apple iPad 9th Gen (2021),apple-ipad-9th-gen-2021
Apple iPad 8th Gen 32GB Wi-Fi + Cellular (Gold) [*Refurbished: As New],329.0,https://www.jbhifi.com.au/products/apple-ipad-8th-gen-32gb-wi-fi-cellular-gold-refurbished-as-new,tablets,jbhifi,Apple iPad 8th Gen (2020),apple-ipad-8th-gen-2020
Apple iPad 9th Gen 64GB Wi-Fi (Space Gray) [*Refurbished: Very Good],273.0,https://www.jbhifi.com.au/products/apple-ipad-9th-gen-64gb-wi-fi-space-gray-refurbished-very-good,tablets,jbhifi,Apple iPad 9th Gen (2021),apple-ipad-9th-gen-2021
Apple iPad 9th Gen 64GB Wi-Fi + Cellular (Silver) [*Refurbished: Excellent],347.0,https://www.jbhifi.com.au/products/apple-ipad-9th-gen-64gb-wi-fi-cellular-silver-refurbished-excellent,tablets,jbhifi,Apple iPad 9th Gen (2021),apple-ipad-9th-gen-2021
Apple iPad 8th Gen 32GB Wi-Fi + Cellular (Silver) [*Refurbished: As New],349.0,https://www.jbhifi.com.au/products/apple-ipad-8th-gen-32gb-wi-fi-cellular-silver-refurbished-as-new,tablets,jbhifi,Apple iPad 8th Gen (2020),apple-ipad-8th-gen-2020
Apple iPad 9th Gen 64GB Wi-Fi (Space Gray) [*Refurbished: As New],325.0,https://www.jbhifi.com.au/products/apple-ipad-9th-gen-64gb-wi-fi-space-gray-refurbished-as-new,tablets,jbhifi,Apple iPad 9th Gen (2021),apple-ipad-9th-gen-2021
Apple iPad 7th Gen 32GB Wi-Fi (Space Gray) [*Refurbished: Excellent],179.0,https://www.jbhifi.com.au/products/apple-ipad-7th-gen-32gb-wi-fi-space-gray-refurbished-excellent,tablets,jbhifi,Apple iPad 7th Gen,apple-ipad-7th-gen
Apple iPad 8th Gen 32GB Wi-Fi (Space Gray) [*Refurbished: Very Good],222.0,https://www.jbhifi.com.au/products/apple-ipad-8th-gen-32gb-wi-fi-space-gray-refurbished-very-good,tablets,jbhifi,Apple iPad 8th Gen (2020),apple-ipad-8th-gen-2020
Apple iPad 8th Gen 32GB Wi-Fi (Space Gray) [*Refurbished: Excellent],209.0,https://www.jbhifi.com.au/products/apple-ipad-8th-gen-32gb-wi-fi-space-gray-refurbished-excellent,tablets,jbhifi,Apple iPad 8th Gen (2020),apple-ipad-8th-gen-2020
Apple iPad 9th Gen 64GB Wi-Fi + Cellular (Space Gray) [*Refurbished: As New],325.0,https://www.jbhifi.com.au/products/apple-ipad-9th-gen-64gb-wi-fi-cellular-space-gray-refurbished-as-new,tablets,jbhifi,Apple iPad 9th Gen (2021),apple-ipad-9th-gen-2021
Apple iPad 7th Gen 128GB Wi-Fi (Space Gray) [*Refurbished: As New],212.0,https://www.jbhifi.com.au/products/apple-ipad-7th-gen-128gb-wi-fi-space-gray-refurbished-as-new,tablets,jbhifi,Apple iPad 7th Gen,apple-ipad-7th-gen
Apple iPad 8th Gen 32GB Wi-Fi (Space Gray) [*Refurbished: As New],229.0,https://www.jbhifi.com.au/products/apple-ipad-8th-gen-32gb-wi-fi-space-gray-refurbished-as-new,tablets,jbhifi,Apple iPad 8th Gen (2020),apple-ipad-8th-gen-2020
Apple iPad 7th Gen 32GB Wi-Fi (Space Gray) [*Refurbished: As New],189.99,https://www.jbhifi.com.au/products/apple-ipad-7th-gen-32gb-wi-fi-space-gray-refurbished-as-new,tablets,jbhifi,Apple iPad 7th Gen,apple-ipad-7th-gen
Apple iPad 7th Gen 32GB Wi-Fi (Silver) [*Refurbished: As New],189.0,https://www.jbhifi.com.au/products/apple-ipad-7th-gen-32gb-wi-fi-silver-refurbished-as-new,tablets,jbhifi,Apple iPad 7th Gen,apple-ipad-7th-gen
Apple iPad 7th Gen 32GB Wi-Fi + Cellular (Silver) [*Refurbished: As New],209.0,https://www.jbhifi.com.au/products/apple-ipad-7th-gen-32gb-wi-fi-cellular-silver-refurbished-as-new,tablets,jbhifi,Apple iPad 7th Gen,apple-ipad-7th-gen
Apple iPad 9th Gen 64GB Wi-Fi (Space Gray) [*Refurbished: Excellent],265.0,https://www.jbhifi.com.au/products/apple-ipad-9th-gen-64gb-wi-fi-space-gray-refurbished-excellent,tablets,jbhifi,Apple iPad 9th Gen (2021),apple-ipad-9th-gen-2021
Garmin epix ™ Pro (Gen 2) Sapphire Edition 47mm Carbon Grey DLC Titanium with Black Band,849.0,https://www.jbhifi.com.au/products/garmin-epix-pro-gen-2-sapphire-edition-47mm-carbon-grey-dlc-titanium-with-black-band,wearables,jbhifi,Garmin epix Pro Gen 2 Sapphire Edition,garmin-epix-pro-gen-2-sapphire-edition
Google Fitbit Air (Obsidian),199.0,https://www.jbhifi.com.au/products/google-fitbit-air-obsidian,wearables,jbhifi,Google Fitbit Air,google-fitbit-air
Apple Watch Series 11 46mm Jet Black Aluminium Case GPS Sport Band (M/L) [Black],549.0,https://www.jbhifi.com.au/products/apple-watch-series-11-46mm-jet-black-aluminium-case-gps-sport-band-m-l-black,wearables,jbhifi,Apple Watch Series 11,apple-watch-series-11
Apple Watch Series 11 42mm Rose Gold Aluminium Case GPS Sport Band (S/M) [Light Blush],499.0,https://www.jbhifi.com.au/products/apple-watch-series-11-42mm-rose-gold-aluminium-case-gps-sport-band-s-m-light-blush,wearables,jbhifi,Apple Watch Series 11,apple-watch-series-11
Apple Watch SE 3 40mm Starlight Aluminium Case GPS Sport Band (S/M) [2025],349.0,https://www.jbhifi.com.au/products/apple-watch-se-3-40mm-starlight-aluminium-case-gps-sport-band-s-m-2025,wearables,jbhifi,Apple Watch SE 3,apple-watch-se-3
WHOOP Peak,399.0,https://www.jbhifi.com.au/products/whoop-peak,wearables,jbhifi,WHOOP Peak,whoop-peak
Garmin epix ™ Pro (Gen 2) Sapphire Edition 51mm Carbon Grey DLC Titanium with Black Band,924.0,https://www.jbhifi.com.au/products/garmin-epix-pro-gen-2-sapphire-edition-51mm-carbon-grey-dlc-titanium-with-black-band,wearables,jbhifi,Garmin epix Pro Gen 2 Sapphire Edition,garmin-epix-pro-gen-2-sapphire-edition
Garmin epix ™ Pro (Gen 2) Sapphire Edition 42mm Soft Gold with Light Sand Band,849.0,https://www.jbhifi.com.au/products/garmin-epix-pro-gen-2-sapphire-edition-42mm-soft-gold-with-light-sand-band,wearables,jbhifi,Garmin epix Pro Gen 2 Sapphire Edition,garmin-epix-pro-gen-2-sapphire-edition
Garmin Instinct 2 Solar Sports Watch (Graphite),399.0,https://www.jbhifi.com.au/products/garmin-instinct-2-solar-sports-watch-graphite,wearables,jbhifi,Garmin Instinct 2 Solar Sports Watch,garmin-instinct-2-solar-sports-watch
Google Fitbit Air (Lavender),199.0,https://www.jbhifi.com.au/products/google-fitbit-air-lavender,wearables,jbhifi,Google Fitbit Air,google-fitbit-air
Apple Watch Ultra 3 49mm Black Titanium Case GPS + Cellular Ocean Band (Black),1399.0,https://www.jbhifi.com.au/products/apple-watch-ultra-3-49mm-black-titanium-case-gps-cellular-ocean-band-black,wearables,jbhifi,Apple Watch Ultra 3,apple-watch-ultra-3
Apple Watch SE 3 40mm Midnight Aluminium Case GPS Sport Band (S/M) [2025],349.0,https://www.jbhifi.com.au/products/apple-watch-se-3-40mm-midnight-aluminium-case-gps-sport-band-s-m-2025,wearables,jbhifi,Apple Watch SE 3,apple-watch-se-3
Ray-Ban | Meta Wayfarer Gen 2 AI Glasses (Matte Black/Transitions Grey),689.0,https://www.jbhifi.com.au/products/ray-ban-meta-wayfarer-gen-2-ai-glasses-matte-black-transitions-grey,wearables,jbhifi,Ray-Ban Meta Wayfarer Gen 2 AI Glasses,ray-ban-meta-wayfarer-gen-2-ai-glasses
Ray-Ban | Meta Wayfarer Gen 2 AI Glasses (Matte Black/Clear),599.0,https://www.jbhifi.com.au/products/ray-ban-meta-wayfarer-gen-2-ai-glasses-matte-black-clear,wearables,jbhifi,Ray-Ban Meta Wayfarer Gen 2 AI Glasses,ray-ban-meta-wayfarer-gen-2-ai-glasses
Samsung Galaxy Watch8 44mm (Graphite),454.0,https://www.jbhifi.com.au/products/samsung-galaxy-watch8-44mm-graphite,wearables,jbhifi,Samsung Galaxy Watch8,samsung-galaxy-watch8
Samsung Galaxy Watch8 40mm (Graphite),389.0,https://www.jbhifi.com.au/products/samsung-galaxy-watch8-40mm-graphite,wearables,jbhifi,Samsung Galaxy Watch8,samsung-galaxy-watch8
Garmin fenix® 8 47mm AMOLED Sapphire Edition Carbon Grey Titanium with Black + Pebble Grey Band,1549.0,https://www.jbhifi.com.au/products/garmin-fenix-8-47mm-amoled-sapphire-edition-carbon-grey-titanium-with-black-pebble-grey-band,wearables,jbhifi,Garmin fenix 8 AMOLED Sapphire Edition,garmin-fenix-8-amoled-sapphire-edition
Garmin VivoActive 5 Smart Watch (Ivory/Cream Gold),499.0,https://www.jbhifi.com.au/products/garmin-vivoactive-5-smart-watch-ivory-cream-gold,wearables,jbhifi,Garmin VivoActive 5 Smart Watch,garmin-vivoactive-5-smart-watch
Garmin VivoActive 5 Smart Watch (Black/Slate),499.0,https://www.jbhifi.com.au/products/garmin-vivoactive-5-smart-watch-black-slate,wearables,jbhifi,Garmin VivoActive 5 Smart Watch,garmin-vivoactive-5-smart-watch
Garmin Forerunner 55 Sports Watch (Black),269.0,https://www.jbhifi.com.au/products/garmin-forerunner-55-sports-watch-black,wearables,jbhifi,Garmin Forerunner 55 Sports Watch,garmin-forerunner-55-sports-watch
Apple Watch Series 11 42mm Jet Black Aluminium Case GPS Sport Band (M/L) [Black],499.0,https://www.jbhifi.com.au/products/apple-watch-series-11-42mm-jet-black-aluminium-case-gps-sport-band-m-l-black,wearables,jbhifi,Apple Watch Series 11,apple-watch-series-11
Ray-Ban | Meta Wayfarer Large Gen 1 AI Glasses (Matte Black Gradient Graphite Polarised),367.0,https://www.jbhifi.com.au/products/ray-ban-meta-wayfarer-large-gen-1-ai-glasses-matte-black-gradient-graphite-polarised,wearables,jbhifi,Ray-Ban Meta Wayfarer Large Gen 1 AI Glasses,ray-ban-meta-wayfarer-large-gen-1-ai-glasses
Oura Ring 5 Sizing Kit,15.0,https://www.jbhifi.com.au/products/oura-ring-5-sizing-kit,wearables,jbhifi,Oura Ring 5 Sizing Kit,oura-ring-5-sizing-kit
Apple Watch Series 11  42mm Jet Black Aluminium Case GPS Sport Band (S/M) [Black],499.0,https://www.jbhifi.com.au/products/apple-watch-series-11-42mm-jet-black-aluminium-case-gps-sport-band-s-m-black,wearables,jbhifi,Apple Watch Series 11,apple-watch-series-11
Apple Watch Series 11 46mm Space Grey Aluminium Case GPS Sport Band (M/L) [Black],549.0,https://www.jbhifi.com.au/products/apple-watch-series-11-46mm-space-grey-aluminium-case-gps-sport-band-m-l-black,wearables,jbhifi,Apple Watch Series 11,apple-watch-series-11
Apple Watch Series 11  46mm Jet Black Aluminium Case GPS Sport Band (S/M) [Black],549.0,https://www.jbhifi.com.au/products/apple-watch-series-11-46mm-jet-black-aluminium-case-gps-sport-band-s-m-black,wearables,jbhifi,Apple Watch Series 11,apple-watch-series-11
Apple Watch SE 3 44mm Midnight Aluminium Case GPS Sport Band (M/L) [2025],399.0,https://www.jbhifi.com.au/products/apple-watch-se-3-44mm-midnight-aluminium-case-gps-sport-band-m-l-2025,wearables,jbhifi,Apple Watch SE 3,apple-watch-se-3
WHOOP Life,599.0,https://www.jbhifi.com.au/products/whoop-life,wearables,jbhifi,WHOOP Life,whoop-life
Polar Loop,299.0,https://www.jbhifi.com.au/products/polar-loop-night-black,wearables,jbhifi,Polar Loop,polar-loop
Garmin VivoActive 6 GPS Smartwatch (Slate/Black Band),479.0,https://www.jbhifi.com.au/products/garmin-vivoactive-6-gps-smartwatch-slate-black-band,wearables,jbhifi,Garmin VivoActive 6 GPS Smartwatch,garmin-vivoactive-6-gps-smartwatch
Garmin Forerunner® 265 Sports Watch (Black),799.0,https://www.jbhifi.com.au/products/garmin-forerunner-265-sports-watch-black,wearables,jbhifi,Garmin Forerunner 265 Sports Watch,garmin-forerunner-265-sports-watch
Garmin fenix® 8 43mm AMOLED Sapphire Edition Carbon Grey Titanium with Pebble Grey Band,1549.0,https://www.jbhifi.com.au/products/garmin-fenix-8-43mm-amoled-sapphire-edition-carbon-grey-titanium-with-pebble-grey-band,wearables,jbhifi,Garmin fenix 8 AMOLED Sapphire Edition,garmin-fenix-8-amoled-sapphire-edition
Google Fitbit Air (Berry),199.0,https://www.jbhifi.com.au/products/google-fitbit-air-berry,wearables,jbhifi,Google Fitbit Air,google-fitbit-air
Apple Watch SE 3 40mm Starlight Aluminium Case GPS + Cellular Sport Band (S/M) [2025],439.0,https://www.jbhifi.com.au/products/apple-watch-se-3-40mm-starlight-aluminium-case-gps-cellular-sport-band-s-m-2025,wearables,jbhifi,Apple Watch SE 3,apple-watch-se-3
Garmin VivoActive 6 GPS Smartwatch (Lunar Gold/Bone Band),479.0,https://www.jbhifi.com.au/products/garmin-vivoactive-6-gps-smartwatch-lunar-gold-bone-band,wearables,jbhifi,Garmin VivoActive 6 GPS Smartwatch,garmin-vivoactive-6-gps-smartwatch
HUAWEI WATCH FIT 5 Pro (Black Fluoroelastomer Strap),549.0,https://www.jbhifi.com.au/products/huawei-watch-fit-5-pro-black-fluoroelastomer-strap,wearables,jbhifi,HUAWEI WATCH FIT 5 Pro,huawei-watch-fit-5-pro
Segway Ninebot E3 Pro Electric Scooter,999.0,https://www.jbhifi.com.au/products/segway-ninebot-e3-pro-electric-scooter,drones-robotics,jbhifi,Segway Ninebot E3 Pro Electric Scooter,segway-ninebot-e3-pro-electric-scooter
Segway F3 Pro Electric Scooter,1399.0,https://www.jbhifi.com.au/products/segway-f3-pro-electric-scooter,drones-robotics,jbhifi,Segway F3 Pro Electric Scooter,segway-f3-pro-electric-scooter
Pure Escape+ Electric Scooter (Black),799.0,https://www.jbhifi.com.au/products/pure-escape-electric-scooter-black,drones-robotics,jbhifi,Pure Escape+ Electric Scooter,pure-escape-electric-scooter
Segway F3 Electric Scooter,1199.0,https://www.jbhifi.com.au/products/segway-f3-electric-scooter,drones-robotics,jbhifi,Segway F3 Electric Scooter,segway-f3-electric-scooter
NIU KQi1 Pro Electric Kick Scooter (Grey),749.0,https://www.jbhifi.com.au/products/niu-kqi1-pro-electric-kick-scooter-grey,drones-robotics,jbhifi,NIU KQi1 Pro Electric Kick Scooter,niu-kqi1-pro-electric-kick-scooter
Pure Advance + 900W Electric Scooter (Chrome),1299.0,https://www.jbhifi.com.au/products/pure-advance-900w-electric-scooter-chrome,drones-robotics,jbhifi,Pure Advance + 900W Electric Scooter,pure-advance-900w-electric-scooter
Segway E3 Electric Scooter,999.0,https://www.jbhifi.com.au/products/segway-e3-electric-scooter,drones-robotics,jbhifi,Segway E3 Electric Scooter,segway-e3-electric-scooter
Pure Advance + 900W Electric Scooter (Black),1999.95,https://www.jbhifi.com.au/products/pure-advance-900w-electric-scooter-black,drones-robotics,jbhifi,Pure Advance + 900W Electric Scooter,pure-advance-900w-electric-scooter
NIU KQi3 Max Electric Kick Scooter (Space Grey),1749.0,https://www.jbhifi.com.au/products/niu-kqi3-max-electric-kick-scooter-space-grey,drones-robotics,jbhifi,NIU KQi3 Max Electric Kick Scooter,niu-kqi3-max-electric-kick-scooter
